{"0.1": [[3.7789905247257276, 1.9339597209584347, 2.700535450419734, 2.550412039826959, 4.3969311337431005, 1.0802489845472893, 3.3242518217204835, 3.6191196227674514, 2.6104482866904783, 1.6646327033702975, 1.540165575595879, 3.0545932484586062, 1.0082094567084505, 3.1543335622941573, 2.451930284751702, 2.0219910699552255, 0.07231682359041906, -0.15985245840057824, 3.73376571029268, 3.575151806864997], [0.13706901154939877, 2.0160763045069707, 1.7160407976191516, 0.007128217616183009, 2.508188759387494, 1.0463256653071584, 2.7736260525468945, 0.9154323461603999, 2.0760383933084494, 3.5676853051361763, 0.9710765623768334, 1.3877372769261718, 0.7336017048265683, 0.8753617750818852, 0.2361781355331677, 2.0888537112692385, 2.1077398917432153, 0.005272019336731425, 3.481159396055953, 2.440386177329447]], "0.25": [[0.18810629075550309, -0.13247636750222666, 1.6594581838712668, 1.3612531847258325, -0.22113692753149003, 1.8504643535841652, 2.5243227509943544, 0.938637570284302, 1.3079049246614582, 1.64926829004992, 0.5572382712802673, -0.04192829892767143, 0.800650427030501, 2.9865108974336882, 4.049500972336812, 3.8708478824472063, 0.6941042512718856, -0.13275705309592953, 3.829092345215207, 4.109147002077419], [0.15979353864728232, 2.437082032592223, 2.8647904955119605, 0.02238131480615468, 2.78192428208707, 1.0486436283629985, 1.4654635861270973, 0.915758803646151, -0.009659565327344577, 3.7003665754791486, 3.9965434614640243, 1.0351682972142227, 2.544921009438205, 0.9197604138679197, 0.24136236301590694, 2.1084463175375396, 0.6937465126997824, 0.582132530824373, 0.022662456320888955, 2.4524777094698815]], "0.5": [[0.8682204736264953, 0.10763155480815022, 1.7147091877670568, 3.407053979184955, 1.3707447879439443, 0.561044279933236, 0.31339054290019086, 2.5451871946339857, 0.45076366080732816, 2.677658740240656, 1.3328828911802604, 1.037510538595886, 0.8414614934268649, 2.6996255182313407, 0.3236303262411691, 1.3046581880669126, 0.5596138869280087, 0.023770169781312005, 3.5730458365595745, 2.26500559265474], [0.11840369705598124, 0.021082369989017778, 1.6927838910843227, 0.054919511614445665, 1.322084930871768, 1.0303856074748596, 1.4694157750998795, 2.9306580121458756, 2.8545910983660705, 1.6569718034184489, 1.0135792699073956, 0.04866104102645851, 2.6355987282391147, 3.1046381014309317, 2.804470552903398, 2.1137804342836883, 2.1963951323675985, -0.02142836425278749, 0.032914726849853804, 0.011017146242641676]], "0.75": [[3.3799920715916727, 1.375398862409093, 3.340072781196965, 2.9924542340221616, 1.4461937056095033, 1.0007766107881813, 1.7933529369978067, 0.9101669900806652, 0.20435349988777, 2.169835498775583, 0.7784691308225558, 0.4269299617440794, 2.0477322726906797, 0.8797386837127146, 2.040309103536194, 2.4373439432964683, 1.2157562282443586, -0.3210118814845642, -0.12938006151824827, 3.8518321175653036], [0.14066363988510627, 2.558140428987425, 3.0291185180861415, 3.2293829713876367, 2.5791195028632767, 2.6401141812477755, 1.437619179244176, 0.884311974626409, 2.26795813165617, 1.665155072350586, 3.7326829308857947, 0.047831414891506295, 2.766800931492217, 0.908186064655296, 0.21710810896999064, 2.0825595943957658, 1.6594512620682558, 0.9123571791344955, 3.7336105856903106, 2.243701443388825]], "0.9": [[0.2740629427891275, 0.026668363595226695, 1.6295191359150196, -0.02386547615594721, 2.7842133300274554, 2.1592308789709307, 0.18846948904590927, 1.9040950729207542, 0.023308321722681182, 3.2808505431030492, 0.2635770143377401, 0.25875684942917826, 0.7262041200868528, 1.1668905978817685, 0.06889813258012181, 2.4067279301773827, 1.8038906432397441, 1.5374202265785586, 2.4677638830637516, 3.2637848866423886], [2.693234291260998, 0.04193728506052173, 1.700487396076007, 3.3820004642412362, 1.305580340973577, 1.039206560520359, 0.4228303801018941, 2.541017292999605, 2.2682686435791757, 1.6663480045969687, 0.9430211076268655, 0.07122242345345613, 0.752167259797921, 0.9200604983266335, 0.22002139978453486, 2.103697936489952, 2.069006270415376, -0.0018372537522808234, -0.007698755364669624, -0.023356693998289692]]}