{"0.1": [[3.7819201991005515, 0.6544841079475493, 4.355018123569205, 4.649618249194561, 4.811242467213456, 1.080248984730468, 0.9695259722742333, 4.347263482053285, 0.10145487142428616, 3.998537605398044, 1.5401150432629716, 3.9183111135463737, 0.8287239506787029, 2.2302508084320363, 3.732422572486274, 2.0219910124515836, 0.07231682359105977, -0.15929884050025814, 4.0606100336428055, 4.5306540394298604], [4.186848766113629, 4.195021742925252, 4.119339595410863, 0.017898826882743725, 1.3181363184871322, 1.0463254341067565, 1.3456501502292142, 0.9154325741290064, 0.03853993781256971, 1.666827140656668, 0.9473139709017875, 0.03606323018991705, 4.455425400380033, 4.798705042719914, 0.2361781355294898, 2.043105632360024, 0.6949945927746326, 2.83478074128898, 0.23029363979942205, 3.7628684196007924]], "0.25": [[3.189970177216412, -0.13248642528626348, 1.6049080115408159, 4.4972995129841955, -0.22103959510914922, 1.2178899652888113, 1.1106929973777295, 3.541308273649927, 1.3314200039151602, 1.6492682900500641, 0.5682920538558486, -0.05109605922408895, 0.8005032454743746, 4.24802849942634, 0.40312566756553464, 3.879476149065606, 1.6711451703958407, -0.13275705309601185, 4.056331271536034, 4.728175088554003], [4.073986900021709, 0.023908785617404782, 1.9445963166701885, 1.4978805007006697, 4.799597696909818, 3.232367544416411, 4.574661199756944, 3.8690752170178997, 0.0027222394649651224, 1.6698500879261722, 0.7963067453524794, 3.4575996745918176, 4.299722397649005, 0.9199932129292525, 0.24136236303749828, 2.1084463175372594, 0.686347541967738, -0.0011042764741261552, 0.005452998346010198, 3.800238839224439]], "0.5": [[0.8739620312607214, 0.10762655433522182, 1.7147091877668739, 0.22385104454187896, 1.370803752088373, 0.6226461792423462, 1.2513037778424916, 0.9975718086159114, 0.4533351606580377, 1.6701607956501725, 1.332832376010136, 2.7306352554809497, 0.8513049687544142, 0.9449433159358273, 0.3236402844951469, 1.304270992880763, 0.5591976610411856, 0.023768765159356504, 4.517544958844857, 0.013300276952878845], [4.01553093544343, 4.407820383752269, 4.357641743362411, 0.05319519488093717, 1.3219997099151977, 3.815617845461157, 1.473937244407242, 0.9220222047872613, 0.06415513960648575, 1.6569718034201992, 4.871258420510548, 3.656401723311629, 0.7550576357445755, 4.757268697787036, 0.30725675388409796, 4.792544196067747, 0.6394819416830179, 3.70591467027196, 4.835652702191481, 3.701457549953087]], "0.75": [[0.3538720380044981, -0.0958805257714577, 1.6867023820289975, -0.5174739328243835, 4.270664191939953, 1.0007766107864795, 1.7902479764905337, 0.9101669897554592, 0.2043534998882178, 1.6814360978157576, 0.7735205946535322, 2.5481327366901443, 0.7074169591978332, 4.05394219666452, 2.042008898258196, 4.628415268333356, 1.220409687261263, -0.32076274133617755, 1.6905976761341845, 3.024748501605084], [0.14066961115635107, -0.03563745324044105, 1.6991208659155106, 4.722522397155259, 1.2908586215740039, 1.0438107068776334, 1.447322837988955, 3.960766510792279, 0.03146466611143803, 1.6651550723466642, 4.822924873192443, 3.5849909410813288, 0.765321249693793, 4.777393491993874, 4.652532072365968, 2.08319839986001, 0.5907860961528593, 3.8279238192263136, 4.8322127743678225, 3.63199247372528]], "0.9": [[0.27406294296076433, 0.026668363595310853, 4.695856113165646, 4.18466201424642, 2.7867141522763625, 0.8996241909192628, 0.2986674463236328, 3.931059004277424, 3.7978950374655076, 4.150575681564589, 0.6747536977125259, 0.25875684964299994, 0.7370624216538775, -0.011468432043474934, 0.06889813258102079, 4.668674371744732, 0.8145284362302616, 1.5532159956121354, 2.517622382535328, 0.12445083409376109], [0.16142554070704015, 0.04174561861126312, 1.7004873960759221, 4.826085837443884, 1.3046477340537632, 1.0392065505861718, 3.203347036365494, 3.965766740157027, 3.869747059241437, 1.6663480045958252, 4.826383581270418, 0.06848409973410209, 4.40941462358581, 4.745707535860856, 4.675092133910586, 2.103697936493552, 0.6318422592584071, -0.0018372537540396114, 4.8167210330441295, 4.383466056276191]]}