{"0.1": [[3.7397881963355566, 3.5899082914496554, 3.4599884060951007, 4.339062783463636, 4.779453980393814, 1.340624007573988, 3.8556521745332497, 3.862652824097418, 0.057638288770745866, 4.107035691909294, 4.178848523776976, 3.0825104808820356, 3.9570688831546743, 3.656105929378186, 4.099484407016297, 3.77068268102312, 3.535635073601484, 2.562910084876468, 4.196921370832055, 4.05386509459211], [2.6251707741952655, 4.092543405940499, 3.74635575688697, 4.2907624467829875, 4.316346152510892, 4.001425472855293, 4.269291329879362, 4.294114892313936, 3.6225536458039946, 2.5288878102047745, 4.233254644529404, 3.934341597530647, 4.104328955588547, 2.743570697368957, 4.278565571281987, 3.588760275271703, 3.035911972055046, 0.3040197695944641, 4.289749785573244, 3.901407465817221]], "0.25": [[3.817746075719233, 3.6488632392324876, 4.703513214796507, 3.269789143595535, 3.8212369394898498, 0.9566449512762021, 3.118668362047035, 4.067980396553205, 4.1338275171224845, -0.040389854476338624, 3.7582474515082778, 3.291229255851561, 4.1571086411169915, 0.42539695202101657, 4.142504047410364, 3.694112607762961, 1.8598211605650756, 2.8169446052499527, 4.071660944969413, 4.742272628125827], [4.184087977394903, 4.2721569419330745, 4.1872129205708175, 4.182980421452964, 2.6863282345369965, 3.543057027062695, 3.572235416283699, 4.262003719278649, 3.541867676323968, 4.397941462490718, 4.319510513181391, 4.2332451390273365, 4.181860955239629, 4.252734040487982, 4.248481557676744, 3.0928632289694007, 4.088952019657354, 0.283693689744103, 4.259209052992328, 4.212041218399124]], "0.5": [[4.252881347266576, 4.234162541064731, 5.049856018275343, 3.1094961221610746, 4.298530669721723, 3.893496080822862, 3.1185750758504476, 4.313550370870111, 4.692439127785013, 4.005392759047979, 4.045884548166821, 3.6007797419667247, 3.69067234630026, 2.8165243424901343, 1.9487598253380118, 3.5523510340178004, 3.656403174529937, 1.0615347508084252, 4.207566540612867, 2.417245180099137], [3.341135585645415, 4.204830119218268, 4.186877205290956, 3.8770432054360495, 4.304091019726215, 3.9273996601607366, 3.458680836307514, 3.688000265121954, 3.572048887884364, 3.599524233673384, 4.304511686828675, 3.609017407174408, 3.842001931722489, 4.207460053044575, 4.267010261186167, 3.2547124593095607, 0.004090759144941417, 3.3899854322654486, 4.11766683948821, 4.056157279049606]], "0.75": [[3.7620683224764515, 3.437539275954302, 4.521163369327301, 4.276491196990959, 4.374420929315055, 3.915295444265661, 3.1312034901126307, 3.4253545525527747, 4.175292487538874, 3.8952343559844254, 2.2589082443195765, 4.09443614894317, 4.188585813219278, 4.118290030510144, 3.9113362631426027, 3.568579169979259, 0.8164070383424591, 3.1024082066689718, 4.748590322444752, 3.937159559070051], [3.550395020488476, 3.6494218375227074, 4.490117197837678, 2.9332880976887807, 4.3315449405870226, 4.0456208463489745, 4.193847377430486, 3.8478725721462808, 3.248973370154062, 4.146616827088429, 4.373808185673537, 4.208267472609972, 4.256361495894739, 4.113203287875248, 2.965991337268079, 4.3033940557529355, 3.5008906314697654, 3.266652245355362, 4.389853563892539, 4.2167274459891875]], "0.9": [[4.5887366368668605, 3.200217906827972, 4.423918826192425, 4.036720595060957, 3.937421630814798, 3.75030464198161, 4.194451803309919, 4.27535004815653, 3.9781507444865625, 2.9312829026997327, 4.254670806315781, 4.017469330632791, 3.4651042081820047, 3.6920005038249637, 4.350589236685361, 3.918878142421373, 3.3216577073222937, 0.5436999304345951, 3.50696336551795, 3.335977174052827], [4.202488303469472, 4.1861218560460225, 4.259752418899118, 4.296226724760307, 4.27907733963118, 3.547188367173403, 3.707503449062315, 4.231786181964717, 4.296016607317922, 3.6544529236448415, 4.13379743205301, 4.501118016418249, 4.133609325751268, 3.2316076250727983, 2.6135622648371135, 3.8517454175480306, 3.891590973040579, 0.2819511278902671, 4.3078799384367095, 4.05142115800645]]}