{"0.1": [[4.502962401506517, 3.967369175443769, 4.445090476291788, 4.86366276748108, 4.888226133594839, 1.234784578710454, 3.322358767447732, 3.389007325127793, 4.727180558817064, 4.560591339361143, 4.166725332256423, 3.0088516559615757, 4.36899385577706, 3.581456223639745, 4.433628826126567, 4.865339126820766, 1.11466756302481, 2.5734140772523957, 4.259504233295706, 4.687281491220377], [4.190187981700731, 2.7710831061209857, 3.446664991647496, 4.894309727420981, 4.615394449409177, 3.3002404495076427, 4.755694108478006, 4.875977545481882, 4.11680933495849, 3.0960707260813987, 4.741843507331936, 4.566728646969278, 4.799495483981963, 3.6826828024130087, 3.4644630703388293, 4.8387777640445755, 3.6429251498204898, 3.403362460001413, 4.913448261163479, 3.677553794521497]], "0.25": [[4.674118806417712, 2.345809576567162, 3.659269175631248, 3.1633958726300087, 4.423618714064784, 1.645102160279612, 0.2619774299877288, 4.253867012950378, 4.7710438588954345, -0.04038985442717461, 3.832494400765407, 3.629774630637797, -0.04411100424786248, 0.2307001491059844, 4.166368044719677, 3.7412134984140697, 1.8699560877593662, 2.7632888024465228, 4.090580846582216, 4.548754157480015], [4.810686911109835, 3.3166915812811992, 4.746920853968616, 3.693784748014674, 4.639510854632597, 3.6429816041002416, 0.34336389821464225, 4.769757257679135, 3.9294919961512638, 4.807665050137769, 3.7159318518467583, 4.588969439022804, 3.5758416053662683, 4.7904930008695015, 4.842659320235563, 3.526955652155597, 4.549208275728752, 2.224355741978796, 4.772096044677572, 3.7687925745708872]], "0.5": [[4.412831374061505, 4.262529531301796, 2.7216375847933696, 4.074518832633525, 4.255409341374502, 4.623198308337547, 3.0496382182305775, 4.686004400209817, 4.714599676574842, 4.699101777108236, 4.727651889595126, 4.201346247681557, 3.5245735127292854, 2.812101225516199, 3.8658196261151496, 4.304192582286151, 4.612320263355703, 1.2400194603435146, 4.902920410792794, 3.355158547900764], [3.324150769723317, 4.806192123647288, 4.784270241183888, 3.085641247908633, 4.788991837895987, 4.721894990966404, 3.7617485505464394, 4.63204683604136, 4.7374708777340775, 4.451227078503911, 4.843377592616354, 4.6080694228892485, 3.6679571999742717, 3.4778997674558596, 4.875009925763867, 4.824606626524532, 4.707362399493452, 4.411201952371261, 4.630846791506465, 4.707929097718889]], "0.75": [[4.165371438988667, 4.779385887839867, 4.5905294215296575, 4.856875505313607, 4.995766140547175, 4.082294403077595, 3.068809691694574, 4.263155300778221, 4.242071964229076, 4.064833054971049, 4.037323607164107, 4.405246794948696, 4.182129033299823, 4.114073566528527, 4.012906391766369, 2.919548249600162, 4.358549583016965, 3.127949326080108, 4.797284112931598, 3.899783337277716], [3.990880176778522, 3.6040194192414607, 4.798543616286296, 4.777327902974776, 3.729316952038751, 3.3222623203818484, 4.761795526947896, 3.218109760066063, 4.7215711672695475, 3.2265757076022927, 4.728549209887358, 4.625054859245323, 4.743222527413864, 3.5200485574790434, 4.580504683008384, 4.779729220636379, 4.785308870626438, 4.08808764823841, 4.826901333210557, 4.610587041850253]], "0.9": [[3.6362293436372406, 3.1626490989915803, 3.7326612194644486, 4.020302568381025, 4.1927869806071385, 4.0026862366274845, 4.316370768150779, 3.5111967292777964, 3.8044185233112393, 3.1328094805627633, 4.563962982397198, 4.1021179122487865, 2.996676771072659, 4.4310723174506474, 3.464145189995674, 3.9440844171022453, 4.707039704734024, 2.219104775844315, 3.466589499193843, 3.3551323744639854], [4.594702450783367, 3.211592278685809, 4.807056717909301, 4.903307839141144, 4.895906961810533, 4.096718852595553, 4.767131812318534, 4.8232603269774605, 4.836424182010686, 3.7025598551049095, 4.813348640688352, 3.676917285183805, 4.653956654471675, 4.614781969899089, 4.679873055456531, 3.4584198609037218, 4.6963476145308185, 3.885253067645526, 4.772899615171299, 4.425531083388403]]}