{"0.1": [[3.805247728940995, 4.481922334833997, 2.6926700671046357, 4.768391308281803, 4.524452472296344, 4.0083997927854345, 3.4914910325760298, 4.311406472517478, 4.564017482634332, 3.8248021544964974, 4.252752302590127, 3.0993605907342334, 4.306356152881616, 3.691812248818853, 3.8349730583250774, 3.778335069394549, 3.6503624344764716, 2.5693063639473777, 4.131855100785761, 3.787707584966323], [2.77025976259745, 4.63758162391777, 3.421144250474037, 3.751562943209537, 3.562160104643266, 3.51786931649865, 4.704360173439767, 4.696115600871366, 4.723826866139137, 4.593467589530797, 4.770381000854521, 4.548285431030554, 4.571138827792545, 3.375258753395163, 3.4365097496267882, 3.6801326949766184, 3.5045684254471916, 0.012333562700299179, 4.65539782859213, 4.618225324545465]], "0.25": [[4.68794206923723, 2.344592110149548, 4.67212097657952, 3.205563256292697, 3.992224455579378, 4.647364413417693, 3.4991370688200854, 4.078428515202359, 4.51899550184324, 2.2541708268227167, 3.9079191279910894, 4.210033798879926, 4.175230351476042, 4.161179704184583, 4.167029329339708, 3.731276392295329, 1.8806433050636415, 2.7340100172480986, 4.02463042524559, 4.744080424248365], [3.4466381960596664, 4.534962055368835, 4.736372711314904, 4.573590596115582, 4.775641019380345, 3.599880080335774, 3.56227810421561, 4.8396017153281745, 4.681972808725582, 4.782982981146415, 3.6248811801272307, 4.582454713779844, 3.84860668018604, 3.774042697659397, 4.8095782506121845, 4.5942739697024555, 4.521273043983928, 4.242523614716651, 4.73481112125718, 4.597137300098745]], "0.5": [[4.433235947564001, 4.23393254606899, 3.2781100845595437, 4.855478940173459, 4.111668958102682, 4.553595885523223, 2.8534967989705717, 4.718959174452631, 4.303776030602642, 4.4597279579728415, 4.768658953255723, 4.717520919191024, 3.6399725475531883, 1.805777266244695, 3.8216266812499504, 4.376936654593239, 4.412524278822948, 0.7751106400138645, 4.579770226807861, 4.482538607790488], [3.2192494457710716, 3.806431387683568, 4.71901529995244, 3.4332007113122587, 4.74166964320547, 4.534573395395363, 3.7085080472343477, 3.5318017239753616, 3.685036279196317, 4.802903125342633, 4.755593903586816, 3.7055530866065562, 4.5168955829551445, 4.580139092423484, 4.737653097791618, 4.736783995322911, 3.4251827243178523, 3.128816685243912, 4.6173221895053285, 4.065137649082558]], "0.75": [[4.133336416890327, 3.9175758873133497, 4.593277305892445, 4.718144707417621, 4.4925836231268725, 4.636284742490007, 4.3249714772795, 2.9273932641970837, 4.105540467609738, 4.035957153677391, 4.119808513890228, 4.089609402895336, 4.319245589225279, 4.122138080660384, 3.845476751256531, 2.9470132777580584, 3.997714743543253, 3.2393017038588616, 4.789474996604614, 2.6287354606266655], [4.710430946123846, 3.545277514524806, 4.702476577821815, 4.665725120769617, 3.3868990740448304, 4.204434969505895, 4.6243241161006585, 3.429105785490333, 4.615695273558844, 4.569352792744104, 4.589124967147339, 4.306859070180466, 4.533230773031546, 4.5562618502307695, 3.5346549850810645, 4.691798025257704, 4.486444801029755, 4.050011226878915, 4.668407789917738, 4.632296466864388]], "0.9": [[4.0251208327344274, 3.179735270766846, 4.425535200863873, 4.083467610872429, 4.168261862196258, 3.927713779172898, 4.748448255450494, 4.4199890792013745, 4.332603888769854, 4.454525077795409, 4.5407513313874555, 4.143330603924108, 3.526495043778235, 4.636185534998142, 3.4610403628056168, 4.085975477400703, 4.69192442298082, 1.337942974416518, 2.2507971237845634, 3.502280674937211], [4.100527414355079, 3.8661343138608633, 4.574673173823625, 3.415366389539644, 4.71348418537442, 3.5838828129933114, 4.644462487481566, 4.652710056647595, 4.644505380213679, 4.550636709852268, 4.415929793606378, 3.415824696271769, 4.488314857680752, 4.606018761384761, 4.663991319623788, 3.3392461536099396, 4.050177959392588, 4.185422536948513, 4.639031625815516, 4.493783257500808]]}