{"0.1": [[3.7838727867928785, 0.03197169033680799, 4.3280336472423855, 4.528187129767276, 4.3755084086802105, 4.664793321879372, 0.9695259729445433, 0.8743715473535814, 2.6627208543534695, 1.687070972740592, 1.5400883477350413, 3.2592485996575546, 0.8895718015146674, 3.1973578341464894, 0.771350423759622, 2.022046600372249, 0.09520385843842265, -0.15837777538182835, 3.852755593199852, 4.50417456424668], [0.13634767784599344, 3.061748113229501, 1.7160407976190675, 4.333517239290825, 1.3111237771348478, 1.046585050888412, 4.130557298420409, 0.9154323469692436, 0.03849680051588563, 1.6668271406545028, 0.9657644460785995, 3.8364291353876965, 0.7335270065556834, 4.293253056675884, 4.071710193243691, 2.0891285354058504, 2.8315548003381195, 2.1543471873254507, 4.674599997567626, 3.2912783564650727]], "0.25": [[0.18810629185090655, -0.13249115558248126, 1.591333597316108, 3.1568006066230714, -0.2210586519009674, 2.540852915986137, 2.5440024371473275, 3.5332053089126236, 0.5154874376022077, 1.649268290049992, 0.5310444675833296, 2.356951163053449, 1.8565881831772573, 4.090434304977498, 0.40312566756579193, 3.8720368281467614, 0.6940077290461228, -0.13275705309555955, 4.043043084138498, 4.353177874123707], [3.937563460303264, 3.3669539641918, 4.33422136507521, 4.210770438503692, 3.4508054921074915, 2.9472161301848634, 1.456138231892835, 0.9157589302676025, 0.0027457333878937533, 1.6698500879239409, 0.7639058175171007, 2.363056804391604, 0.730925950492155, 0.9226655536303707, 4.017666648527208, 4.343542917162637, 2.4313438455634184, -0.0011042764740885475, 0.023049072298493276, 3.3168165238568155]], "0.5": [[3.7938436898471415, 0.1076358121370862, 1.7147091877671152, 0.22543533492206536, 1.370783988921798, 0.6243051477860643, 1.2472135624932608, 2.5464124346429, 0.29830439153866956, 2.6795577945818647, 4.028295652560278, 1.9969903722948368, 0.8411820156095375, 0.9449433159365846, 3.798291569359317, 1.304218309102649, 0.5775677680615553, 0.023771132982532583, 4.391441376789341, 0.012013016435075078], [0.11678677408106052, 2.554236637761561, 1.6927838910847015, 0.05547450029945777, 4.251516214658535, 3.2854658997270594, 1.476447329635253, 0.9218013338829351, 0.06419818883142138, 1.656971803419329, 1.0146177682425779, 2.7253900200131103, 3.877093679278893, 4.358265099410292, 0.30855963843890544, 4.169340081560511, 2.6358803007592067, 2.300130190941206, 4.661276606772496, 0.0109818800744127]], "0.75": [[0.35387203801201955, -0.09583998059776841, 4.43586230148689, -0.5095340458736822, 0.8298297156995644, 1.7040733186178274, 1.7896230546411251, 0.9101669902090392, 0.03043210024869696, 2.167382228161534, 0.7767457384573098, -0.09906208526056738, 1.7430605534224177, 0.8798799609086543, 2.0424093760130124, 2.350203571851846, 1.1877497820270368, -0.3207467311137296, -0.12914107311575276, 3.8380028808594604], [0.14059489294721392, 3.467502362208388, 4.538896921654207, 4.250253027361488, 1.2901824588656765, 3.3031220924991676, 1.366284596425981, 3.471281792655715, 3.4931635431683, 1.665155072324165, 0.987022715764558, 0.04628161392349242, 0.7658765791786143, 4.253037306341243, 4.257667369389749, 2.0835104639031727, 0.5907539418195263, 2.537722896283967, -0.031058541765828906, 3.025384808137344]], "0.9": [[0.2786254282476292, 0.026668363595310853, 4.422979033617148, -0.05532431006847447, 2.7861166099916246, 2.000422709080218, 1.4458232303316454, 1.9063094269067533, 0.023161816556867564, 4.143540051362726, 0.3142891254749011, 0.2587568493953992, 0.7262138650465161, 1.1815265299084523, 0.06889813257656377, 3.6833715253152657, 0.8279539074393182, 1.534548822100251, 3.3906762267974764, 3.322967686580381], [3.7946548243482483, 3.3090741456269708, 1.700487396075172, -0.0008668390747263654, 1.3050865857226503, 3.2711739557150286, 1.2902371718345818, 0.903557772847096, 3.6803192062717924, 1.6663480045922419, 0.9572627678007322, 1.7908217954371812, 0.7534873835486265, 4.2565698901710025, 0.22002139978506785, 2.103697936488099, 2.683159261155044, -0.0018372537525659731, -0.007861619915603867, -0.023937839581033214]]}